id,subreddit,author,title,selftext,created_utc,score,num_comments,permalink
1icx8du,chiropractic,OverallDecision7497,Lumbarization of S1,"Have a patient with this, presenting with pain in that area. Anything in particular you all are doing for this type of condition? Drops? Traditional side posture? ",2025-07-22 01:33:24+00,6,9,https://reddit.com/r/Chiropractic/comments/1icx8du/lumbarization_of_s1/
1ixd0su,chiropractic,Efficient-Routine277,Chirotouch Cloud based - Worth it?,"My practice is currently using chirotouch server based for our EMR software. I just had a meeting with someone from the cloud based software and it sounds like it would be an amazing switch for my business. I currently have very few problems with our current chirotouch, just would like to be able to better streamline billing and be able to login remotely. 

My husband is concerned that since this is cloud based, it will not be able to keep up with our patient load of 50-75 patients per day. He is concerned it will not be fast enough. Have any of you used this and if so, what was your experience? 

Thanks!",2025-07-22 00:23:42+00,1,25,https://reddit.com/r/Chiropractic/comments/1ixd0su/chirotouch_cloud_based_worth_it/
1k088n0,chiropractic,Own_Database_5849,Is there anyone here that likes Chirotouch?,"I‚Äôm fairly new to practice (less than a year). I opened my own and I started with Jane because it was easier. I used chirotouch in school, but the school had it set up in a way that we couldn‚Äôt use SALT or any macros, so it was lame and it took too much time to finish a note.

Looking at the previous post that talk about chirotouch they all criticize it, and no one really share positive experiences with it. Now this is absurd since the company has not gone broke. So, why do you think people hate it? Is it because they don‚Äôt take the time to set it up correctly? They don‚Äôt have the right internet speed? Or I‚Äôm just delusional and should not change from Jane to CT?

The main reason behind the change is that they offered me a good deal and because like how the schedule looks compared to Jane, (like more organized).
Is also worth mentioning that I don‚Äôt use computers in my office but ipad pro. My main concern is how having multiple people at the same time looks on the schedule and it‚Äôs hard to select the patient‚Äôs name.

Anyway, any pointers about things to consider I have missed? I have a cash based practice, so I don‚Äôt really mess with insurance unless it‚Äôs for PI. 

Thank you in advance for your feedback! ",2025-07-22 00:27:25+00,5,25,https://reddit.com/r/Chiropractic/comments/1k088n0/is_there_anyone_here_that_likes_chirotouch/
1kcpfw1,chiropractic,ml1286,Opinions on Dr. Beau Hightower,"Hello chiropractors, I recently went on a binge watching Dr. Hightower on YouTube. He works on and cracks almost everything you can think of in his patient's body. What do you folks think of his work? Does he do a good job? When I see my chiropractor all mine does is adjust my back and my neck, then sends me out the door. Should he be doing the full body like Dr. Beau Hightower?",2025-07-17 19:27:30+00,2,30,https://reddit.com/r/Chiropractic/comments/1kcpfw1/opinions_on_dr_beau_hightower/
1kty45r,chiropractic,Zealousideal-Rub2219,Subpoenas for people never at your office.,"
How often do you guys get subpoenas for a patient that‚Äôs never been seen at your office ? I get a few a year and now I‚Äôve gotten 3 in the past 2 weeks.  

What do you think that‚Äôs about? People scamming workers comp, or?  I‚Äôm just curious how we end up the radar to have a lawyer to send us a check and court paperwork for someone never at our office.",2025-07-19 22:45:06+00,11,18,https://reddit.com/r/Chiropractic/comments/1kty45r/subpoenas_for_people_never_at_your_office/
1letcvc,health,Forward-Answer-4407,"Woman, 32, Dies of Caffeine Overdose in Her Bathroom While Waiting 7 Hours for Ambulance to Arrive: Reports",,2025-07-19 23:05:24+00,1187,85,https://reddit.com/r/Health/comments/1letcvc/woman_32_dies_of_caffeine_overdose_in_her/
1lq2yi5,chiropractic,FuneralPE,EMR Recommendation,"Might be a long shot but I was looking for personal injury practice emr recommendations a couple of months ago. Some great guy here sent me contact info for a person he knew in the Chicago area I believe. I got a new phone and had to get a new account here so can't find that info. If anyone has a good ehr solution for a strictly Personal Injury practice, please lmk.",2025-07-20 13:31:03+00,1,5,https://reddit.com/r/Chiropractic/comments/1lq2yi5/emr_recommendation/
1lvdyaa,fitness,AutoModerator,"Rant Wednesday - July 09, 2025","Welcome to Rant Wednesday: It‚Äôs your time to let your gym/fitness/nutrition related frustrations out!

There is no guiding question to help stir up some rage-feels, feel free to fire at will, ranting about anything and everything that‚Äôs been pissing you off or getting on your nerves. Just don't forget that other people are allowed to tell you that your rant is stupid.",2025-07-22 08:45:25+00,56,261,https://reddit.com/r/Fitness/comments/1lvdyaa/rant_wednesday_july_09_2025/
1lwhitp,health,vox,"For years, women complained that this medical procedure was painful. Doctors are finally listening.",,2025-07-21 02:39:32+00,778,118,https://reddit.com/r/Health/comments/1lwhitp/for_years_women_complained_that_this_medical/
1lwla8h,chiropractic,Budget-Candid,What a joke,"It‚Äôs crazy that people actually agree with this sick person. Imagine being this concerned about chiros doing the right thing. ",2025-07-18 10:59:13+00,62,47,https://reddit.com/r/Chiropractic/comments/1lwla8h/what_a_joke/
1lxiud2,chiropractic,ObviousAtlas,[Recommendation Request] Seminars/Courses focused on movement assessment and translating that to non-adjusting manual treatments,I'm requesting this for a new grad Physiotherapist in my clinic (ergo the no adjusting) as he wants to build his skillset around the topics mentioned in the title. Any recommendations would be appreciated!,2025-07-21 17:07:28+00,2,11,https://reddit.com/r/Chiropractic/comments/1lxiud2/recommendation_request_seminarscourses_focused_on/
1lxyk58,health,bloomberg,"At 66, I Decided to Get Healthy Again. Was It Too Late?",,2025-07-21 10:56:39+00,89,31,https://reddit.com/r/Health/comments/1lxyk58/at_66_i_decided_to_get_healthy_again_was_it_too/
1ly53jq,chiropractic,BogdiRedd,How do you handle call volume when it spikes?,"We run a small but busy chiro office and lately it feels like we‚Äôre losing appointments just because the phone won‚Äôt stop ringing.

Like‚Äîwe‚Äôll have 5‚Äì6 people in the waiting room, someone checking in, someone paying out, and then 3 missed calls in 10 minutes.

We try to call them back, but half don‚Äôt answer by then.

Feels like when we‚Äôre busiest *in person*, we‚Äôre also missing the most new patients over the phone.

Curious what others are doing? Hired more front desk staff? Outsourced calls?

Feels like there has to be a better way.",2025-07-20 11:10:27+00,3,41,https://reddit.com/r/Chiropractic/comments/1ly53jq/how_do_you_handle_call_volume_when_it_spikes/
1lyabc6,chiropractic,Afraid_Weather4968,Decompression/Traction,"For those of you who offer cervical & lumbar decompression therapy, do you find it best to provide it before being adjusted, after being adjusted, or does it even matter? Also, why? Thanks!",2025-07-21 15:52:16+00,1,7,https://reddit.com/r/Chiropractic/comments/1lyabc6/decompressiontraction/
1lypnvj,chiropractic,Civil-Pianist7358,social media,"Social media - I'm a tech dinosaur but practice in an area where social media rules with the avg age of my patients probably around 30.  I have IG and FB and pay a company like 200 a month to do basic ads.  They would do more personalized if I sent content, but I just never find the time or prioritize it.  I don't think it does anything for us tbh.  That could be a bit on me because I send nothing, but we had someone previously doing more personalized and it didn't help then either.  In biz for 25 years and most of our NP's come from reputation and google reviews, but I feel like I'm missing out and could tap into social as a NP source.

  
So, what are you all doing and who are you using to help?

  
How much are you spending monthly and what's your ROI?

  
Thanks!",2025-07-17 22:10:53+00,2,11,https://reddit.com/r/Chiropractic/comments/1lypnvj/social_media/
1lzohrq,chiropractic,Honest-Juggernaut439,Side income,"Was just wondering if any DCs here have any side gigs, not necessarily related to chiropractic.   I love what I do, I love helping people avoid the use of drugs and surgery when appropriate, however unfortunately its more of a labor of love and I am the sole provider for a family of 4. I already teach at a anatomy and physiology at a local college but that pay is a joke. 

Thanks!",2025-07-16 23:49:49+00,10,60,https://reddit.com/r/Chiropractic/comments/1lzohrq/side_income/
1m02oja,health,-Mystica-,"Studying 1.2 million children over a 24-year period, researchers found no evidence that exposure to aluminum in vaccines led to a statistically significant increase in a child‚Äôs risk of developing any of a wide variety of conditions that can be diagnosed in childhood, including asthma and autism.",,2025-07-21 11:21:39+00,343,13,https://reddit.com/r/Health/comments/1m02oja/studying_12_million_children_over_a_24year_period/
1m03ong,chiropractic,Electrical-Cold9950,It‚Äôs Time Chiropractors Obsessed Over a New S Word,"
Since 1895, chiropractic has centered on a single idea: the subluxation.

The concept wasn‚Äôt unreasonable for its time. Germ theory was still gaining traction, and D.D. Palmer‚Äôs belief that spinal misalignments could influence health was a creative attempt to understand disease through structure and function.

The issue isn‚Äôt that this philosophy existed. It‚Äôs that it still defines large parts of the profession today.

What began as a bold theory has become an outdated identity. Many chiropractors still rely on metaphysical language and neurological absolutes, ideas that haven‚Äôt kept pace with modern science. That matters, not just because the theory lacks evidence, but because of what that language does to patients. When someone hears their spine is out of place, or that they have the spine of an eighty-year-old, it creates fear, lowers confidence, and discourages movement.

But what if the profession known for putting motion into spines began focusing on putting more motion into people‚Äôs lives?

This isn‚Äôt a dismissal of the adjustment. Spinal manipulation has modest benefits for short-term relief of back and neck pain. It has been associated with reduced opioid use and lower overall spending on spine-related care. It is also very safe. Large-scale research has shown no greater risk of stroke after visiting a chiropractor compared to visiting a medical doctor.

The adjustment has its place. But if we want to do more than reduce pain in the short term, we need to offer more than passive care. Most people are in pain not because something is out of place, but because the demands of their life have exceeded what their body can handle. They are told to rest, they are adjusted, maybe given some ice or a few stretches, and once they start to feel better, they return to activity at the same level that got them injured in the first place.

This is where the musculoskeletal world often falls short. We are good at calming things down, but we do not always build people back up. We focus on relief, but rarely talk about how to leave someone better than they were before they got hurt.

Chiropractic likes to talk about the root cause. But if subluxation is the cause of disease, then what causes subluxation? And how can we claim to treat everything except the one thing we say is behind it all?

Maybe the real issue is not that something is out of place, but that the body is underprepared. Maybe pain is less about misalignment and more about a poor relationship with gravity. Maybe our real job is to help people restore the strength and capacity they have lost.

Which brings us to the new S word: sarcopenia.

Sarcopenia is the age-related loss of muscle mass and function. It increases the risk of falls, fractures, hospitalization, diabetes, and loss of independence. It is one of the strongest predictors of decline. And unlike subluxation, it is real, measurable, and widely studied.

The only proven intervention is exercise. Not adjustments. Not rest. Not passive care. Just progressive, consistent movement that challenges the system and builds it back up. Yet fewer than 28 percent of adults meet both aerobic and strength guidelines.

People do not just need pain relief. They need someone who can guide them, advocate for them, and coach them toward more movement, not less. Someone who helps them see that their body is not broken. It is just not ready. And it can be.

And I know what you are thinking. So now we are supposed to just pretend to be PTs and personal trainers? Partially true. But here is what I see wrong with that.

We are uniquely positioned to combat the modern health crisis. We have diagnostic skills and clinical judgment that many PTs do not. The personal training world, on the other hand, still lacks consistent oversight or formal education.

Methods are many. Principles are few.

Instead of being slaves to specific techniques or ideologies, what if we shifted focus on being servants to the people coming to us for help?These are people who do not care about egotistical inter-professional turf wars or precious philosophy. They want to get better. They deserve the best tools available within our scope, no matter which field thinks they own them. 

As B.J. Palmer once said:
‚ÄúWhile other professions are concerned with changing the environment to suit the weakened body, chiropractic is concerned with strengthening the body to suit the environment.‚Äù

Maybe we should take him at his word.

What are your thoughts? You may disagree. But we cannot keep partying like it is 1895.
",2025-07-17 00:06:56+00,35,54,https://reddit.com/r/Chiropractic/comments/1m03ong/its_time_chiropractors_obsessed_over_a_new_s_word/
1m1dz5r,chiropractic,ExternalUpper8542,UHC 3 musculoskeletal visits,"We are having a hard time getting UHC to cover the 3 ""free"" musculoskeletal visits that are on plans. We have billed 98941 with different musculoskeletal dx codes for different patient and we can't get them to cover them. Any insight? Modifiers?",2025-07-16 17:54:40+00,5,22,https://reddit.com/r/Chiropractic/comments/1m1dz5r/uhc_3_musculoskeletal_visits/
1m1ef1r,chiropractic,Embarrassed_Bee717,New doc in high-volume clinic‚Äîquestioning some billing and care patterns,"I‚Äôm a licensed chiropractor working in a high-volume clinic that sees a lot of personal injury cases.

Since starting earlier this year, I‚Äôve noticed some patterns that feel off‚Äîmost treatment plans look the same, diagnosis codes are nearly identical, billing hovers around a consistent figure each visit, and documentation often feels templated or copy-pasted.

I do my best to treat each patient ethically and provide what they need, but the system in place expects consistency in scheduling, billing, and documentation that I don‚Äôt control. I‚Äôve also tried to avoid using any scripts or pressure tactics, but they‚Äôre part of the workflow others seem to follow.

I‚Äôm just wondering‚Äîhas anyone else dealt with a setup like this?
‚Äì How did you handle it early in your career?
‚Äì Did you report it, leave, or stay quiet?
‚Äì If things ever went south legally, what kind of exposure would a doc like me really have?

I‚Äôm not trying to stir anything up‚Äîjust trying to protect myself and make the right decisions as I grow. Would really appreciate any stories, thoughts, or DMs from those who‚Äôve walked this road before.",2025-07-16 19:46:37+00,1,6,https://reddit.com/r/Chiropractic/comments/1m1ef1r/new_doc_in_highvolume_clinicquestioning_some/
1m1f2p1,chiropractic,Powerful_Ad5262,Health fairs,"Any cool health fair ideas? 

Looking to give my associate some grassroot marketing tasks. The goal is to get patients in the office.",2025-07-17 01:33:08+00,1,2,https://reddit.com/r/Chiropractic/comments/1m1f2p1/health_fairs/
1m1f36u,chiropractic,Due_Stock6660,PVA?,What would would be considered a great PVA in a higher volume clinic? I'm trying to create some benchmarks for certain metrics in our office and need some input,2025-07-16 18:33:20+00,2,10,https://reddit.com/r/Chiropractic/comments/1m1f36u/pva/
1m1qdiz,chiropractic,SortedCoyote99,Pinching when in Dorsiflexion,[removed],2025-07-16 23:42:30+00,2,2,https://reddit.com/r/Chiropractic/comments/1m1qdiz/pinching_when_in_dorsiflexion/
1m1s7l0,chiropractic,,Post Viral Illness after Viral Infection!!!,[deleted],2025-07-16 23:52:21+00,1,2,https://reddit.com/r/Chiropractic/comments/1m1s7l0/post_viral_illness_after_viral_infection/
1m1v4un,chiropractic,nathancashion,Olympians receive enough chiropractic they know how to adjust,,2025-07-17 02:28:03+00,29,3,https://reddit.com/r/Chiropractic/comments/1m1v4un/olympians_receive_enough_chiropractic_they_know/
1m1w48n,chiropractic,BlockAmazing8006,4 months into practice,"Hello everyone. I am 4 months into having my own practice and I just have to say it‚Äôs been a rollercoaster. I have been a business owner before but things were never this tough. I still do not have any employees. I have a receptionist from my old job that helps me with billing for PI, outside of that I focus on cash patients. I run ads, I feel like lately they have been doing bad even when I try to change things. I did some research and saw that I should starts a meta ad campaigns rather than boost posts. 

Outside of that, my main concern is I feel like sometimes I‚Äôm helping a patient and just get lost in the sauce. I feel like this affects my conversion. Is there anywhere anyone went or any advice on processes? I feel like this can be worked on the most and I see plenty of ads but the first person I reached out to wanted 30k. Yes I cant make that up.

I am asking for referrals but even with that I am averaging 5 new patients a month, and 10-15 patients a week.

Any advice or guidance is appreciated. What are ways you built great relationships with attorneys for PI referrals?",2025-07-17 03:12:24+00,13,31,https://reddit.com/r/Chiropractic/comments/1m1w48n/4_months_into_practice/
1m22ltz,fitness,AutoModerator,"Daily Simple Questions Thread - July 17, 2025","Welcome to the¬†[/r/Fitness](https://old.reddit.com/r/Fitness)¬†Daily Simple Questions Thread - Our daily thread to ask about all things fitness. Post your questions here related to your diet and nutrition or your training routine and exercises. Anyone can post a question and the community as a whole is invited and encouraged to provide an answer.

# As always, be sure to¬†[read the wiki](https://thefitness.wiki/)¬†first. Like, all of it. Rule #0 still applies in this thread.

Also, there's a¬†[handy search function](https://www.reddit.com/r/Fitness/search?&restrict_sr=on)¬†to your right, and if you didn't know, you can also use Google to search¬†[r/Fitness](https://old.reddit.com/r/Fitness)¬†by using the limiter ""site:reddit.com[/r/fitness](https://old.reddit.com/r/fitness)"" after your search topic.

Also make sure to check out¬†[Examine.com](https://examine.com/)¬†for evidence based answers to nutrition and supplement questions.

If you are posting a routine critique request, make sure you follow¬†[the guidelines](https://www.reddit.com/r/Fitness/wiki/rules#wiki_rule_.239)¬†for including enough detail.

# ""Bulk or cut"" type questions are not permitted on¬†[r/Fitness](https://old.reddit.com/r/Fitness)¬†- Refer to¬†[the FAQ](https://thefitness.wiki/faq/should-i-bulk-or-cut/)¬†or post them in¬†[r/bulkorcut](https://old.reddit.com/r/bulkorcut).

# Questions that¬†[involve pain, injury, or any medical concern of any kind](https://www.reddit.com/r/Fitness/wiki/rules/rule5)¬†are not permitted on¬†[r/Fitness](https://old.reddit.com/r/Fitness). Seek advice from an appropriate medical professional instead.

(Please note: This is not a place for general small talk, chit-chat, jokes, memes, ""Dear Diary"" type comments, shitposting, or non-fitness questions. It is for fitness questions only, and only those that are serious.)",2025-07-21 18:46:06+00,18,238,https://reddit.com/r/Fitness/comments/1m22ltz/daily_simple_questions_thread_july_17_2025/
1m25xwq,chiropractic,,Is full recovery possible,[removed],2025-07-17 12:18:50+00,1,1,https://reddit.com/r/Chiropractic/comments/1m25xwq/is_full_recovery_possible/
1m27emc,chiropractic,SeaworthinessFun8969,Intense pain after treatment,[removed],2025-07-17 13:28:19+00,0,1,https://reddit.com/r/Chiropractic/comments/1m27emc/intense_pain_after_treatment/
1m28o69,chiropractic,GoodSirDaddy,ZELIS EFT Question,[removed],2025-07-18 10:20:01+00,1,1,https://reddit.com/r/Chiropractic/comments/1m28o69/zelis_eft_question/
1m2a4r6,chiropractic,ExcellentMoment6196,Been using the backpod and I feel worse.,,2025-07-17 18:41:59+00,0,1,https://reddit.com/r/Chiropractic/comments/1m2a4r6/been_using_the_backpod_and_i_feel_worse/
1m2ae5f,health,yahoonews,Gastrointestinal cancers rising dramatically in people under 50,,2025-07-19 11:53:05+00,807,118,https://reddit.com/r/Health/comments/1m2ae5f/gastrointestinal_cancers_rising_dramatically_in/
1m2azy7,health,nbcnews,Gastrointestinal cancers are rising dramatically in people under 50,,2025-07-21 23:37:39+00,58,1,https://reddit.com/r/Health/comments/1m2azy7/gastrointestinal_cancers_are_rising_dramatically/
1m2c8i9,chiropractic,farmergirl60,"Advice on Selling My Chiropractic Practice ‚Äì What Are Buyers Typically Looking For?

Post:","Hi all,

I‚Äôm starting to explore the process of selling my chiropractic practice and would really appreciate any insights or advice from those who‚Äôve been through it ‚Äî either as sellers or buyers.

We‚Äôve built a solid patient base over 40 years and have developed a unique technique that‚Äôs central to our brand and results. One of my main questions is: what do buyers typically want during the transition period?

* Would having our current chiropractor stay on temporarily help with onboarding or patient retention?
* Do buyers usually value having the previous doctor introduce patients to the new chiropractor?
* Is it helpful or expected to provide training in our specific technique?
* How important is continuity in staff or branding to most buyers?

Basically, I want to make the transition as smooth and appealing as possible for both the buyer and our patients, while also maximizing the value of the sale.

Would love to hear from anyone who‚Äôs sold a practice, bought one, or has insight into what makes a chiropractic practice more attractive to prospective buyers.

Thanks in advance!",2025-07-17 17:11:36+00,6,16,https://reddit.com/r/Chiropractic/comments/1m2c8i9/advice_on_selling_my_chiropractic_practice_what/
1m2d4in,health,CBSnews,"Trump wants cane sugar in Coke, but is it healthier than corn syrup? Experts weigh in.",,2025-07-19 11:53:38+00,129,93,https://reddit.com/r/Health/comments/1m2d4in/trump_wants_cane_sugar_in_coke_but_is_it/
1m2fndb,chiropractic,copeyyy,ICE arrests chiropractor outside his kid‚Äôs Beaverton preschool,,2025-07-17 18:55:45+00,15,52,https://reddit.com/r/Chiropractic/comments/1m2fndb/ice_arrests_chiropractor_outside_his_kids/
1m2g9qw,health,statnews,Why MAHA‚Äôs push on Coca-Cola and ice cream is 'nutritionally hilarious',,2025-07-20 03:11:29+00,73,11,https://reddit.com/r/Health/comments/1m2g9qw/why_mahas_push_on_cocacola_and_ice_cream_is/
1m2hr3k,chiropractic,Lazy-Recording1170,Infographic posters,"Hey guys, I'm revamping my clinics, bringing them into the 21st century, and looking for entertaining infographic posters, ranging from quirky cartoons about the human body to eye-catching condition-specific posters about how we can help (eg, headache posters showing occipital neuralgia, etc).  
They need to be engaging to patients, informative, and pro-manual medicine/chiro (avoiding obvious terms like ""physical therapy"")
I can't stand those spine posters with flowers or funky colours, as they kinda freak me out, never mind how they look to patients. 
If any of you have some good resources, would you mind sharing?  Cheers, champions ",2025-07-17 23:40:21+00,2,4,https://reddit.com/r/Chiropractic/comments/1m2hr3k/infographic_posters/
1m2hv85,chiropractic,BogdiRedd,Do you guys feel like you‚Äôve been assaulted with AI receptionist offers?,"I‚Äôve been seeing a ton of posts and outreach lately around AI receptionists and figured I‚Äôd just ask the question directly. Do you feel you've been spammed? Do you consider these intrusive already?

We‚Äôre selling them too ‚Äî and honestly, I think we‚Äôre the best by every measure I‚Äôve seen on the market however thatl makes no difference if theyre perceived negatively. So I'm thinking of dropping this off. Figured I'd might ask you the target market for these directly.. 

Is it trust? Are they unnecessary?  Is the current system with a human receptionist more convenient now? Or is it more of a drag to fix something that's not necessarily broken?

 ¬†I‚Äôm a uni dropout ‚Äî classic entrepreneur story.. however, my partner is a Cornell machine learning graduate. He's the real deal on the advanced ai architecture. So we do know what we‚Äôre doing.  I don't blame you for telling us to fk off. EVEN I ve been spammed with offers for it.

Thanks in advance if this will receive some answers. As candid as you feel like. Thank you",2025-07-17 21:27:51+00,6,4,https://reddit.com/r/Chiropractic/comments/1m2hv85/do_you_guys_feel_like_youve_been_assaulted_with/
1m2j1ju,chiropractic,Civil-Pianist7358,TENS & Cigna,"Hi everyone !  if you are billing for tens unit and getting paid by CIGNA, can you please let me know what diagnosis code you are using? I never had a problem getting paid before and all of a sudden it seems like they changed their process and will not tell you what codes you need to bill and I cannot find them.  Thanks in advance!",2025-07-18 14:04:52+00,1,6,https://reddit.com/r/Chiropractic/comments/1m2j1ju/tens_cigna/
1m2j65j,chiropractic,Equivalent-Button-69,Need help,[removed],2025-07-17 21:05:18+00,1,11,https://reddit.com/r/Chiropractic/comments/1m2j65j/need_help/
1m2jtf1,health,scientificamerican,Is Chronic Venous Insufficiency serious? Trump‚Äôs diagnosis explained,,2025-07-19 23:31:22+00,223,80,https://reddit.com/r/Health/comments/1m2jtf1/is_chronic_venous_insufficiency_serious_trumps/
1m2mbbt,chiropractic,Thezeballs,Am I cooked? TLDR at bottom,[removed],2025-07-17 23:16:57+00,2,5,https://reddit.com/r/Chiropractic/comments/1m2mbbt/am_i_cooked_tldr_at_bottom/
1m2tdnz,chiropractic,OkService9729,Cognitive Dissonance?,"How are any of you able to fully believe in subluxation based and non muscoskeletal based chiropractic care? It‚Äôs so obviously a pseudoscientific field! Is it the holistic nature of this field being dichotomous to the stereotype of modern medicine what attracts people? Is it the $? Both? 
",2025-07-18 05:04:03+00,0,14,https://reddit.com/r/Chiropractic/comments/1m2tdnz/cognitive_dissonance/
1m2vm49,chiropractic,Fiddle1234567,Explain this to me,"How come chiropractors or texts suggest that manipulations without cavitations have the same impact when thats completely untrue? Its not a mental satisfaction thing about hearing a pop, the pain dissipates instantly on a pop, and without a pop it lingers and truly never goes away. There are times the pop completely changes the pain for a long long time for me. Its literally the difference between a successful appointment and one where im still in pain. ",2025-07-18 07:39:00+00,0,7,https://reddit.com/r/Chiropractic/comments/1m2vm49/explain_this_to_me/
1m2x5mr,health,bloomberg,"What Scientists Learned Scanning the Bodies of 100,000 Brits",,2025-07-21 13:52:55+00,21,5,https://reddit.com/r/Health/comments/1m2x5mr/what_scientists_learned_scanning_the_bodies_of/
1m2xbuz,fitness,AutoModerator,Physique Phriday,"**Welcome to the Physique Phriday thread**

What's the point of having people guess your body fat? Nevermind that it's the most inaccurate method available, (read: most likely way wrong - [see here](http://web.archive.org/web/20130301185720/https://paindatabase.com/body-fat/)) you're still just putting an arbitrary number to the body you have. Despite people's claim that they are shooting for a number, they're really shooting for look - like a six pack.

So let's stopping mucking around with trivialities and get to the heart of the matter. This thread shall serve two purposes:

1. **Physique critiques.** Post some pics and ask about muscles or body parts you need to work on. Or specifically ask about a lagging body part and what exercises worked for others.
2. An outlet for people that want to show off their efforts that would otherwise be removed due to [Rule 4](https://old.reddit.com/r/Fitness/wiki/rules#wiki_rule_.234), and

Let's keep things civil, don't be a creep, and adhere to [Rule 1](http://www.reddit.com/r/Fitness/wiki/rules#wiki_1._hate_speech_and_discriminatory_remarks_are_not_allowed.). This isn't a thread to announce what you find attractive in a mate. Please use the report function for any comments that are out of line.

So phittit, what's your physique pheel like this phriday?",2025-07-22 15:13:51+00,47,62,https://reddit.com/r/Fitness/comments/1m2xbuz/physique_phriday/
1m2yvnb,health,PDubsinTF-NEW,"Trump administration hands over Medicaid recipients‚Äô personal data, including addresses, to ICE",,2025-07-19 14:55:31+00,252,17,https://reddit.com/r/Health/comments/1m2yvnb/trump_administration_hands_over_medicaid/
1m32ntm,health,vox,Your health insurance premiums could soon go up 15 percent ‚Äî or more,,2025-07-19 11:41:58+00,335,29,https://reddit.com/r/Health/comments/1m32ntm/your_health_insurance_premiums_could_soon_go_up/
1m347fg,chiropractic,,Top 10 Questions To Ask a Chiropractor During Your First Appointment,[removed],2025-07-18 14:43:56+00,1,2,https://reddit.com/r/Chiropractic/comments/1m347fg/top_10_questions_to_ask_a_chiropractor_during/
1m36pwk,health,theatlantic,Make Coca-Cola Great Again,,2025-07-22 14:39:43+00,0,9,https://reddit.com/r/Health/comments/1m36pwk/make_cocacola_great_again/
1m38n5j,chiropractic,Traditional_Creme491,Is there a future in chiropractic business?,"Hello, I am thinking of going to chiropractic school, and my father who's been working as a chiropractor for 40 years strongly suggested that chiropractor earnings will be significantly reduced due to autonomous driving. He told me that he's already feeling less and less patients from car accidents. He lives in CA with high numbers of Tesla and other autonomous cars. 

What is yours opinion on the future of the profession? Thanks. ",2025-07-18 17:41:27+00,5,27,https://reddit.com/r/Chiropractic/comments/1m38n5j/is_there_a_future_in_chiropractic_business/
1m39y6v,chiropractic,Electrical-Cold9950,Do you regularly discuss physical activity guidelines with your patients? Why or why not?,"Current Physical Activity Guidelines for Americans recommend at least 150 minutes of moderate-intensity aerobic activity and 2 or more days per week of muscle-strengthening activity for adults.

Do you regularly discuss the importance of meeting these guidelines with your patients? Why or why not?",2025-07-18 19:04:14+00,5,14,https://reddit.com/r/Chiropractic/comments/1m39y6v/do_you_regularly_discuss_physical_activity/
1m3hug6,chiropractic,Master_Fan_9552,Insurance vs cash based,"Hello everyone! I am a college student planning to pursue chiropractic with hopes of opening my own practice. It would be a handful of years before this obviously but I want to hear some thoughts of insurance vs cash based. I‚Äôm trying to see which one will bring me the most profit, customer acquisition, and benefit. I‚Äôd love to hear from either side so feel free to comment your opinions of experiences below.",2025-07-19 00:20:52+00,1,12,https://reddit.com/r/Chiropractic/comments/1m3hug6/insurance_vs_cash_based/
1m3ns6f,chiropractic,Icy-Map-2649,Panic and Insomnia after first appointment,[removed],2025-07-19 04:59:43+00,1,3,https://reddit.com/r/Chiropractic/comments/1m3ns6f/panic_and_insomnia_after_first_appointment/
1m3optq,health,marji80,Cost of Obamacare expected to soar as subsidies expire and insurers hike premiums,,2025-07-19 13:46:33+00,175,27,https://reddit.com/r/Health/comments/1m3optq/cost_of_obamacare_expected_to_soar_as_subsidies/
1m3q4x6,fitness,FGC_Valhalla,Gym Story Saturday,Hi! Welcome to your weekly thread where you can share your gym tales!,2025-07-21 20:37:42+00,65,96,https://reddit.com/r/Fitness/comments/1m3q4x6/gym_story_saturday/
1m3rndm,fitness,AutoModerator,"Daily Simple Questions Thread - July 19, 2025","Welcome to the¬†[/r/Fitness](https://old.reddit.com/r/Fitness)¬†Daily Simple Questions Thread - Our daily thread to ask about all things fitness. Post your questions here related to your diet and nutrition or your training routine and exercises. Anyone can post a question and the community as a whole is invited and encouraged to provide an answer.

# As always, be sure to¬†[read the wiki](https://thefitness.wiki/)¬†first. Like, all of it. Rule #0 still applies in this thread.

Also, there's a¬†[handy search function](https://www.reddit.com/r/Fitness/search?&restrict_sr=on)¬†to your right, and if you didn't know, you can also use Google to search¬†[r/Fitness](https://old.reddit.com/r/Fitness)¬†by using the limiter ""site:reddit.com[/r/fitness](https://old.reddit.com/r/fitness)"" after your search topic.

Also make sure to check out¬†[Examine.com](https://examine.com/)¬†for evidence based answers to nutrition and supplement questions.

If you are posting a routine critique request, make sure you follow¬†[the guidelines](https://www.reddit.com/r/Fitness/wiki/rules#wiki_rule_.239)¬†for including enough detail.

# ""Bulk or cut"" type questions are not permitted on¬†[r/Fitness](https://old.reddit.com/r/Fitness)¬†- Refer to¬†[the FAQ](https://thefitness.wiki/faq/should-i-bulk-or-cut/)¬†or post them in¬†[r/bulkorcut](https://old.reddit.com/r/bulkorcut).

# Questions that¬†[involve pain, injury, or any medical concern of any kind](https://www.reddit.com/r/Fitness/wiki/rules/rule5)¬†are not permitted on¬†[r/Fitness](https://old.reddit.com/r/Fitness). Seek advice from an appropriate medical professional instead.

(Please note: This is not a place for general small talk, chit-chat, jokes, memes, ""Dear Diary"" type comments, shitposting, or non-fitness questions. It is for fitness questions only, and only those that are serious.)",2025-07-21 17:54:26+00,5,135,https://reddit.com/r/Fitness/comments/1m3rndm/daily_simple_questions_thread_july_19_2025/
1m3u1qq,health,progress18,Trump administration ends 988 Lifeline's special service for LGBTQ+ young people,,2025-07-19 14:22:38+00,213,6,https://reddit.com/r/Health/comments/1m3u1qq/trump_administration_ends_988_lifelines_special/
1m3zpaq,health,CBSnews,Woman thought she had pulled a muscle working out. It was a rare cancer that had spread to her brain.,,2025-07-19 16:19:27+00,370,19,https://reddit.com/r/Health/comments/1m3zpaq/woman_thought_she_had_pulled_a_muscle_working_out/
1m4329h,chiropractic,starmedicus,Clinic Bookkeeping,"How do I cut down on bookkeeping time? Between creating invoices on my clinic software by my staff and then the bookkeeper uploading them to QBO, then matching those invoices with the deposits from Square in my bank, my bookkeeper is costing my $700/month...Is this normal? It also includes a month end meeting to review the books and she runs my payroll. She also takes my receipts, categorizes them and uploads them on QBO. She's $40/hour.",2025-07-19 18:46:37+00,1,15,https://reddit.com/r/Chiropractic/comments/1m4329h/clinic_bookkeeping/
1m49tc4,health,jjopm,"Has anyone fully beat the famous afternoon slump? I've tried all these things in this article and am still getting slammed with a mandatory 45 minute nap at 3pm in my 30s. Only thing that minorly helps is (a) zero caffeine (b) vegetarian diet (c) socializing for the entire day, but never fully fixed",,2025-07-19 23:31:16+00,45,75,https://reddit.com/r/Health/comments/1m49tc4/has_anyone_fully_beat_the_famous_afternoon_slump/
1m4cwao,chiropractic,Dr-J_DC,PHT Boards,"I have been out of school for around 3 years, but a new opportunity has caused me to get licensed in another state that requires the PT board. I will be taking it this upcoming Friday, and have been studying for a few weeks now but I have no idea what to expect. 

  
Is this exam really as easy as everyone says? I have been hitting modalities pretty hard and I'm confident (especially since I have a clinical perspective from practice) but I still feel like I'm missing something. 

  
I'm likely overthinking it, but theres a bit more pressure than while I was in school because if I fail I'm SOL with my new job haha ",2025-07-20 13:44:21+00,1,5,https://reddit.com/r/Chiropractic/comments/1m4cwao/pht_boards/
1m4kbfd,fitness,AutoModerator,Victory Sunday,"**Welcome to the Victory Sunday Thread**

It is Sunday, 6:00 am here in the eastern half of Hyder, Alaska. It's time to ask yourself: What was the one, best thing you did on behalf of your fitness this week? What was your Fitness Victory?

**We want to hear about it!**

**So let's hear your fitness Victory this week! Don't forget to upvote your favorite Victories!**",2025-07-21 20:05:54+00,33,77,https://reddit.com/r/Fitness/comments/1m4kbfd/victory_sunday/
1m4kbt5,fitness,AutoModerator,"Daily Simple Questions Thread - July 20, 2025","Welcome to the¬†[/r/Fitness](https://old.reddit.com/r/Fitness)¬†Daily Simple Questions Thread - Our daily thread to ask about all things fitness. Post your questions here related to your diet and nutrition or your training routine and exercises. Anyone can post a question and the community as a whole is invited and encouraged to provide an answer.

# As always, be sure to¬†[read the wiki](https://thefitness.wiki/)¬†first. Like, all of it. Rule #0 still applies in this thread.

Also, there's a¬†[handy search function](https://www.reddit.com/r/Fitness/search?&restrict_sr=on)¬†to your right, and if you didn't know, you can also use Google to search¬†[r/Fitness](https://old.reddit.com/r/Fitness)¬†by using the limiter ""site:reddit.com[/r/fitness](https://old.reddit.com/r/fitness)"" after your search topic.

Also make sure to check out¬†[Examine.com](https://examine.com/)¬†for evidence based answers to nutrition and supplement questions.

If you are posting a routine critique request, make sure you follow¬†[the guidelines](https://www.reddit.com/r/Fitness/wiki/rules#wiki_rule_.239)¬†for including enough detail.

# ""Bulk or cut"" type questions are not permitted on¬†[r/Fitness](https://old.reddit.com/r/Fitness)¬†- Refer to¬†[the FAQ](https://thefitness.wiki/faq/should-i-bulk-or-cut/)¬†or post them in¬†[r/bulkorcut](https://old.reddit.com/r/bulkorcut).

# Questions that¬†[involve pain, injury, or any medical concern of any kind](https://www.reddit.com/r/Fitness/wiki/rules/rule5)¬†are not permitted on¬†[r/Fitness](https://old.reddit.com/r/Fitness). Seek advice from an appropriate medical professional instead.

(Please note: This is not a place for general small talk, chit-chat, jokes, memes, ""Dear Diary"" type comments, shitposting, or non-fitness questions. It is for fitness questions only, and only those that are serious.)",2025-07-21 18:18:44+00,15,155,https://reddit.com/r/Fitness/comments/1m4kbt5/daily_simple_questions_thread_july_20_2025/
1m4l9l6,health,Maxcactus,Police are investigating a man's death after he was pulled into MRI machine,,2025-07-20 13:05:17+00,97,10,https://reddit.com/r/Health/comments/1m4l9l6/police_are_investigating_a_mans_death_after_he/
1m4o0pt,health,Mr_Guavo,Men are suffering with ‚Äòsummer long balls‚Äô that could have big impact on their health,,2025-07-20 12:44:19+00,1,1,https://reddit.com/r/Health/comments/1m4o0pt/men_are_suffering_with_summer_long_balls_that/
1m4saf6,health,apokrif1,Chronic Lyme Disease Was Once Dismissed. More Doctors Are Coming Around.,,2025-07-20 15:52:03+00,0,1,https://reddit.com/r/Health/comments/1m4saf6/chronic_lyme_disease_was_once_dismissed_more/
1m4scpi,health,bloomberg,MAHA Would Make More Sense Without the ‚ÄòA‚Äô,,2025-07-20 15:54:49+00,36,6,https://reddit.com/r/Health/comments/1m4scpi/maha_would_make_more_sense_without_the_a/
1m50psp,health,SirTalky,"Safety, health improvement and well-being during a 4 to 21-day fasting period in an observational study including 1422 subjects",,2025-07-20 22:28:48+00,7,4,https://reddit.com/r/Health/comments/1m50psp/safety_health_improvement_and_wellbeing_during_a/
1m51jll,chiropractic,shwarzlin,Redesigned a chiropractor homepage ‚Äî what do you think of the layout flow?,,2025-07-20 22:21:17+00,1,5,https://reddit.com/r/Chiropractic/comments/1m51jll/redesigned_a_chiropractor_homepage_what_do_you/
1m51l0q,health,elcubiche,Popular sugar substitute (Erythritol) linked to brain cell damage and stroke risk,,2025-07-20 22:08:46+00,353,32,https://reddit.com/r/Health/comments/1m51l0q/popular_sugar_substitute_erythritol_linked_to/
1m56nex,health,Fits-Sits-ups-downs,What are some examples of medical treatments dismissed as ‚Äúquackery‚Äù before becoming accepted and later widely used?,,2025-07-21 02:18:33+00,59,44,https://reddit.com/r/Health/comments/1m56nex/what_are_some_examples_of_medical_treatments/
1m56xjw,chiropractic,Significant-Bill9138,Neck misalignment for 4 years ‚Äî no pain but cracking and face/teeth sensations. Is this fixable?,[removed],2025-07-21 03:08:17+00,1,1,https://reddit.com/r/Chiropractic/comments/1m56xjw/neck_misalignment_for_4_years_no_pain_but/
1m57nmq,chiropractic,Emergency_Topic_6985,I am a sophomore getting my Kinesiology degree. I am looking at chiropractor school and PA school. Much preferably Chiro school though. Any thoughts?,"I myself am looking at the Northeast Health Sciences College or formerly the New York Chiropractor College! I have been in touch with admissions and they keep pushing that I may like becoming a PA(they are starting a PA program) but I am really interested in Chiro school. The thing is I feel like a lot of people say Chiro isn't worth it and the debt and pay is not as good. I have always been a believer in following your dreams. I really like fitness and helping people through stretching. I have been a CPT for a few years and I work close with a few Chiros that come to my gym. I think I am making excuses but can't tell? ",2025-07-21 02:59:54+00,0,16,https://reddit.com/r/Chiropractic/comments/1m57nmq/i_am_a_sophomore_getting_my_kinesiology_degree_i/
1m5beyb,health,newsweek,Revealed: How popular weight loss drug may lower dementia and stroke risk,,2025-07-21 06:23:03+00,16,2,https://reddit.com/r/Health/comments/1m5beyb/revealed_how_popular_weight_loss_drug_may_lower/
1m5c7tk,fitness,cdingo,Moronic Monday - Your weekly stupid questions thread,"Get your dunce hats out, Fittit, it's time for your weekly Stupid Questions Thread.

Post your question - stupid or otherwise - here to get an answer. Anyone can post a question and the community as a whole is invited and encouraged to provide an answer. Many questions get submitted late each week that don't get a lot of action, so if your question didn't get answered before, feel free to post it again.

###**As always, be sure to read the [FAQ](https://thefitness.wiki/faq/) first**.

Also, there's a handy-dandy **search bar to your right**, and if you didn't know, you can also use [Google](https://www.google.com/) to search fittit by using the limiter ""site:reddit.com\/r/fitness"".

Be sure to check back often as questions get posted throughout the day.  Lastly, it may be a good idea to sort comments by ""new"" to be sure the newer questions get some love as well. [Click here to sort by new in this thread only.](https://www.reddit.com/r/Fitness/comments/1m5c7tk/moronic_monday_your_weekly_stupid_questions_thread/?sort=new)

So, what's rattling around in your brain this week, Fittit?
 
---

Keep jokes, trolling, and memes outside of the Moronic Monday thread. Please use the downvote / report button when necessary.

---

""Bulk or cut"" type questions are not permitted on /r/fitness - Refer to the FAQ or post them in r/bulkorcut.",2025-07-21 17:51:16+00,30,260,https://reddit.com/r/Fitness/comments/1m5c7tk/moronic_monday_your_weekly_stupid_questions_thread/
1m5d79x,chiropractic,Radiant-Traffic3502,üí¨ Solo practitioners: What admin work drives you crazy?,[removed],2025-07-21 15:54:48+00,0,1,https://reddit.com/r/Chiropractic/comments/1m5d79x/solo_practitioners_what_admin_work_drives_you/
1m5dx9b,fitness,AutoModerator,"Daily Simple Questions Thread - July 21, 2025",[removed],2025-07-21 18:26:53+00,9,44,https://reddit.com/r/Fitness/comments/1m5dx9b/daily_simple_questions_thread_july_21_2025/
1m5eo2o,health,newsweek,Your smartwatch could carry a hidden health risk,,2025-07-21 09:50:15+00,1,1,https://reddit.com/r/Health/comments/1m5eo2o/your_smartwatch_could_carry_a_hidden_health_risk/
1m5etzr,chiropractic,Ok-Material7549,Associate job,"I‚Äôve started a new associate job, it‚Äôs a bit of a commute from where I live. Initially I thought the commute would be fine as I‚Äôm only doing 3.5 days a week, but traffic is so horrendous that it‚Äôs taking 2hrs to get there, and 2hrs (sometimes more) to get home, on top of a 10hr day.

Would it be so terrible to say - thanks but no thanks? Before I establish a patient base, and go find something closer to home ",2025-07-21 10:40:30+00,3,13,https://reddit.com/r/Chiropractic/comments/1m5etzr/associate_job/
1m5fsdf,health,Vast-Drop3582,"Be it a dog bite or scratch, anti-rabies vaccination is essential",,2025-07-21 10:55:35+00,1,1,https://reddit.com/r/Health/comments/1m5fsdf/be_it_a_dog_bite_or_scratch_antirabies/
1m5ia1t,chiropractic,Dizzy_Climate_8990,Towel traction,[removed],2025-07-21 14:02:29+00,0,5,https://reddit.com/r/Chiropractic/comments/1m5ia1t/towel_traction/
1m5jc4p,health,cnbc_official,Weight loss drugs could be a gamechanger for women with a common hormonal disorder,,2025-07-21 13:46:14+00,29,1,https://reddit.com/r/Health/comments/1m5jc4p/weight_loss_drugs_could_be_a_gamechanger_for/
1m5jxn5,health,wiredmagazine,Bryan Johnson Is Going to Die,,2025-07-21 14:10:26+00,113,70,https://reddit.com/r/Health/comments/1m5jxn5/bryan_johnson_is_going_to_die/
1m5ld0l,health,yahoonews,"A genetic test could predict the odds of obesity, allowing for early interventions",,2025-07-21 15:06:08+00,6,1,https://reddit.com/r/Health/comments/1m5ld0l/a_genetic_test_could_predict_the_odds_of_obesity/
1m5m0v8,health,wiredmagazine,How Trump Killed Cancer Research,,2025-07-21 15:31:09+00,315,10,https://reddit.com/r/Health/comments/1m5m0v8/how_trump_killed_cancer_research/
1m5m9if,health,aspiringsomebody,Why RFK Jr.'s Push to Suppress Govt Science in Top Journals Threatens Medical Progress,,2025-07-21 15:39:50+00,1,1,https://reddit.com/r/Health/comments/1m5m9if/why_rfk_jrs_push_to_suppress_govt_science_in_top/
1m5o8w1,health,CTVNEWS,Japanese walking: Does it really help with fat loss?,,2025-07-21 19:41:17+00,6,3,https://reddit.com/r/Health/comments/1m5o8w1/japanese_walking_does_it_really_help_with_fat_loss/
1m5pct4,chiropractic,Mountain_Case_627,Switching career paths,"I am about to graduate as a double major in the business fields. After having job experience in these sectors through internships, I am kicking myself for not listening to my parents for going into health sciences. (I was a dumb teen who just wanted to make a lot of money and not take science classes). for the past couple years I have been wanting to switch, but I felt as if I would just suck it up, it would continue to work out. As said earlier, after my experience in the job field, I am very much convinced that this is not for me and I would like to be more active and be able to help people in need. Is it too late to look into being a chiropractic?",2025-07-21 17:50:02+00,1,5,https://reddit.com/r/Chiropractic/comments/1m5pct4/switching_career_paths/
1m5qqvn,fitness,Educational_Peener25,i got a question,[removed],2025-07-21 18:25:11+00,1,1,https://reddit.com/r/Fitness/comments/1m5qqvn/i_got_a_question/
1m5r82h,fitness,omnibus656,I've asked ChatGPT for a Body Recomp routine: what do you think?,[removed],2025-07-21 18:43:11+00,1,1,https://reddit.com/r/Fitness/comments/1m5r82h/ive_asked_chatgpt_for_a_body_recomp_routine_what/
1m5rnnm,fitness,Automatic-Ad4014,How to get the slimmer figure?,[removed],2025-07-21 18:59:16+00,1,1,https://reddit.com/r/Fitness/comments/1m5rnnm/how_to_get_the_slimmer_figure/
1m5rqxf,fitness,TbanksIV,Sharpish pain in right shoulder when doing Y raises palm down?,[removed],2025-07-21 19:02:30+00,1,1,https://reddit.com/r/Fitness/comments/1m5rqxf/sharpish_pain_in_right_shoulder_when_doing_y/
1m5rti8,fitness,KicknBuckets,Newbie feedback wanted...,[removed],2025-07-21 19:05:14+00,1,1,https://reddit.com/r/Fitness/comments/1m5rti8/newbie_feedback_wanted/
1m5rwhm,fitness,music_by_cvmxo,How do you guys turn working out into a habit.,[removed],2025-07-21 19:08:19+00,1,1,https://reddit.com/r/Fitness/comments/1m5rwhm/how_do_you_guys_turn_working_out_into_a_habit/
1m5s1kn,fitness,ravrx,Confused about my chest day,[removed],2025-07-21 19:13:33+00,1,1,https://reddit.com/r/Fitness/comments/1m5s1kn/confused_about_my_chest_day/
1m5t0pg,fitness,Joshuajordanp,Idea feedback.,[removed],2025-07-21 19:50:22+00,1,1,https://reddit.com/r/Fitness/comments/1m5t0pg/idea_feedback/
1m5t2oh,fitness,,I hate the gym. Now.,[removed],2025-07-21 19:52:23+00,1,1,https://reddit.com/r/Fitness/comments/1m5t2oh/i_hate_the_gym_now/
1m5um4j,fitness,Embarrassed-Rain-516,Going to gym first time wednesday,[removed],2025-07-21 20:50:18+00,1,1,https://reddit.com/r/Fitness/comments/1m5um4j/going_to_gym_first_time_wednesday/
1m5v45z,fitness,Zeryab-99,newbie here,[removed],2025-07-21 21:09:24+00,1,1,https://reddit.com/r/Fitness/comments/1m5v45z/newbie_here/
1m5v5u1,health,tryingmybestl0l,"Thousands of workers tried a 4-day, 32-hour week and improved their mental and physical health",,2025-07-21 21:13:00+00,727,31,https://reddit.com/r/Health/comments/1m5v5u1/thousands_of_workers_tried_a_4day_32hour_week_and/
1m5v8sc,chiropractic,peskywabbit1222,Xray Machine Options,"# Last year I took over a chiropractic office with a very, very old xray machine set up.  Monthly cleaning and paying for the chemicals, etc is very expensive and the xray quality is old and awful.  I'm open to recommendations for a new or better yet, new to me system.  What are you all using? ",2025-07-21 21:36:32+00,1,3,https://reddit.com/r/Chiropractic/comments/1m5v8sc/xray_machine_options/
1m5vv8l,fitness,,Can the Powerblock dumbbell cage be removed?,[removed],2025-07-21 21:38:50+00,1,1,https://reddit.com/r/Fitness/comments/1m5vv8l/can_the_powerblock_dumbbell_cage_be_removed/
1m5wd4l,chiropractic,Defiant-Goal5064,Marketing,"Hey brain trust,

I‚Äôm a chiro who‚Äôs started a new gig. Looking for recommendations on cheaper/free marketing ideas that have worked for some of you in the past.",2025-07-21 22:06:36+00,4,7,https://reddit.com/r/Chiropractic/comments/1m5wd4l/marketing/
1m5y8ag,fitness,Callum1999999,I have no libido at all,[removed],2025-07-21 23:16:20+00,1,1,https://reddit.com/r/Fitness/comments/1m5y8ag/i_have_no_libido_at_all/
1m5yq22,fitness,mynameismonique,Bench press form check - I'm pretty tight in my lower back the next day,[removed],2025-07-21 23:37:48+00,1,1,https://reddit.com/r/Fitness/comments/1m5yq22/bench_press_form_check_im_pretty_tight_in_my/
1m5z07b,fitness,profesmortz,In the market for a new workout app,[removed],2025-07-21 23:50:24+00,1,1,https://reddit.com/r/Fitness/comments/1m5z07b/in_the_market_for_a_new_workout_app/
1m60fbs,fitness,No-Smell2106,Underrated meals,[removed],2025-07-22 00:56:27+00,1,1,https://reddit.com/r/Fitness/comments/1m60fbs/underrated_meals/
1m61p3b,fitness,see_kaptain,My job is manual labor. Do I still need to work out?,[removed],2025-07-22 01:57:21+00,1,1,https://reddit.com/r/Fitness/comments/1m61p3b/my_job_is_manual_labor_do_i_still_need_to_work_out/
1m6235p,fitness,Busyhead-Foreverago,Weight gain advice please,[removed],2025-07-22 02:15:40+00,1,1,https://reddit.com/r/Fitness/comments/1m6235p/weight_gain_advice_please/
1m62c56,fitness,,what is the best app for counting calories?,[removed],2025-07-22 02:27:42+00,1,1,https://reddit.com/r/Fitness/comments/1m62c56/what_is_the_best_app_for_counting_calories/
1m62nm4,fitness,WillingnessScary7057,Is anyone else tired of seeing dozens of doom and gloomy articles saying this and that are bad for you?,[removed],2025-07-22 02:43:12+00,1,1,https://reddit.com/r/Fitness/comments/1m62nm4/is_anyone_else_tired_of_seeing_dozens_of_doom_and/
1m633h5,fitness,Fantastic-Company764,Bench pr today 165 lb 16yr male,[removed],2025-07-22 03:04:53+00,1,1,https://reddit.com/r/Fitness/comments/1m633h5/bench_pr_today_165_lb_16yr_male/
1m634t7,chiropractic,Connect_Ad_7758,Feeling Discouraged,"I‚Äôm currently a Tri 6 and I am feeling very discouraged in everything right now. Lately, I am on the side of social media that hates chiropractors and are trying to convince everyone we are quacks. I‚Äôm having a hard time because I truly love chiropractic and I‚Äôve seen how it has changed my life. Chiropractic helped me get out of excruciating pain, and it hurts when people tell me that chiropractic is a placebo affect. I‚Äôm also having a hard time because I had a steady plan for graduating school and who I was going to work for, but that doctor recently sold his practice. The situation is really throwing me through a loop because now I feel like I‚Äôm having an identity crisis of what I truly want to specialize in. 

Any advice or support would be greatly appreciated! Just a lost student trying to figure out life haha. ",2025-07-22 03:19:34+00,9,23,https://reddit.com/r/Chiropractic/comments/1m634t7/feeling_discouraged/
1m63gc4,fitness,Living_Strength_2867,How strong do pull ups make your arms?,[removed],2025-07-22 03:22:24+00,1,1,https://reddit.com/r/Fitness/comments/1m63gc4/how_strong_do_pull_ups_make_your_arms/
1m667t0,chiropractic,SeraphimArchangel,"1.5 years into Chiropractic School, struggling with doubt, debt, and mental health","I‚Äôm about 1.5 years into chiropractic school (Q8), nearly $100K in debt, and lately, the pressure and uncertainty have taken a heavy toll on my mental health about whether this path is really right for me. I‚Äôve found myself sinking into a really dark place, caught in an existential crisis that‚Äôs been hard to escape.

I got into this field because of a chiropractor I used to work with. He believed in me and showed me what this profession could be at its best. I really look up to him, and a part of me feels like I‚Äôd be letting him down if I stepped away from all of this.

I‚Äôve also met other amazing chiropractors who are passionate, confident, and genuinely helping people. I have a lot of respect for the profession. It really is something special. But if I‚Äôm being honest with myself, I just don‚Äôt know if I see myself becoming that person.

I‚Äôm naturally more introverted, and the constant pressure to talk, build relationships, and connect with patients feels draining. I‚Äôm about to start clinic soon, and it‚Äôs hitting me how much of this career depends on those social skills. I don‚Äôt feel like I‚Äôm built for it, and that‚Äôs been really hard to sit with. Even the thought of opening up my own practice scares me.

At the same time, I‚Äôve already put so much time and money into this. I feel stuck. I don‚Äôt even know where I‚Äôd go from here if I needed to pivot. And honestly, I feel like a failure for even thinking this way.

Has anyone else been in a situation like this? How did you deal with the fear and guilt of possibly changing direction? And if you did decide to make a change, how did you figure out what came next?",2025-07-23 03:01:36+00,12,9,https://reddit.com/r/Chiropractic/comments/1m667t0/15_years_into_chiropractic_school_struggling_with/
1m685dl,fitness,Otherwise_Program582,Want to move to kettlebells,[removed],2025-07-22 07:58:48+00,1,1,https://reddit.com/r/Fitness/comments/1m685dl/want_to_move_to_kettlebells/
1m693rd,fitness,AutoModerator,"Daily Simple Questions Thread - July 22, 2025","Welcome to the¬†[/r/Fitness](https://old.reddit.com/r/Fitness)¬†Daily Simple Questions Thread - Our daily thread to ask about all things fitness. Post your questions here related to your diet and nutrition or your training routine and exercises. Anyone can post a question and the community as a whole is invited and encouraged to provide an answer.

# As always, be sure to¬†[read the wiki](https://thefitness.wiki/)¬†first. Like, all of it. Rule #0 still applies in this thread.

Also, there's a¬†[handy search function](https://www.reddit.com/r/Fitness/search?&restrict_sr=on)¬†to your right, and if you didn't know, you can also use Google to search¬†[r/Fitness](https://old.reddit.com/r/Fitness)¬†by using the limiter ""site:reddit.com[/r/fitness](https://old.reddit.com/r/fitness)"" after your search topic.

Also make sure to check out¬†[Examine.com](https://examine.com/)¬†for evidence based answers to nutrition and supplement questions.

If you are posting a routine critique request, make sure you follow¬†[the guidelines](https://www.reddit.com/r/Fitness/wiki/rules#wiki_rule_.239)¬†for including enough detail.

# ""Bulk or cut"" type questions are not permitted on¬†[r/Fitness](https://old.reddit.com/r/Fitness)¬†- Refer to¬†[the FAQ](https://thefitness.wiki/faq/should-i-bulk-or-cut/)¬†or post them in¬†[r/bulkorcut](https://old.reddit.com/r/bulkorcut).

# Questions that¬†[involve pain, injury, or any medical concern of any kind](https://www.reddit.com/r/Fitness/wiki/rules/rule5)¬†are not permitted on¬†[r/Fitness](https://old.reddit.com/r/Fitness). Seek advice from an appropriate medical professional instead.

(Please note: This is not a place for general small talk, chit-chat, jokes, memes, ""Dear Diary"" type comments, shitposting, or non-fitness questions. It is for fitness questions only, and only those that are serious.)",2025-07-22 09:01:35+00,23,172,https://reddit.com/r/Fitness/comments/1m693rd/daily_simple_questions_thread_july_22_2025/
1m693rp,fitness,Livid-Truck8558,How do I not hurt myself? Plus a few other questions,[removed],2025-07-22 09:01:37+00,1,1,https://reddit.com/r/Fitness/comments/1m693rp/how_do_i_not_hurt_myself_plus_a_few_other/
1m69gzx,fitness,WisniaToTrener,Fitness apps for teens,[removed],2025-07-22 09:25:44+00,1,1,https://reddit.com/r/Fitness/comments/1m69gzx/fitness_apps_for_teens/
1m69lsf,fitness,Jazzlike_Owl_7833,Help,[removed],2025-07-22 09:34:31+00,1,1,https://reddit.com/r/Fitness/comments/1m69lsf/help/
1m69oq7,fitness,MrJones-,Looking for a good-tasting protein powder ‚Äî any recommendations?,[removed],2025-07-22 09:39:40+00,1,1,https://reddit.com/r/Fitness/comments/1m69oq7/looking_for_a_goodtasting_protein_powder_any/
1m6a81j,fitness,optml,12 Week Challenge starting soon; nutrition advice requested,[removed],2025-07-22 10:12:29+00,1,1,https://reddit.com/r/Fitness/comments/1m6a81j/12_week_challenge_starting_soon_nutrition_advice/
1m6aiw5,fitness,Comfortable_Glass_78,Yoga Makes You Stronger,[removed],2025-07-22 10:30:50+00,1,1,https://reddit.com/r/Fitness/comments/1m6aiw5/yoga_makes_you_stronger/
1m6an08,chiropractic,Low_Impress_1910,Thoughts on the legitimacy of my new Chiropractor,"Hey folks,

I figured I‚Äôd come straight to the community since I would imagine you all may be able to sniff out someone who may be taking advantage of people, as opposed to offering actual help. 

Years ago, I used to see a chiropractor, and it was actually the same one my parents went to see for many years. But after much time (and money) spent with him, I found that he was just performing a 2-3 min adjustment routine on most of not all of his patients in a very similar manner. Which is what has unfortunately caused my hesitation and doubts in ever wanting to visit one again. 

Fast forward to today, I went for an initial evaluation with a small town chiropractor in my new city, an older guy, but his first appointment with me didn‚Äôt even involve any sort of adjustments. More asking me what my core concerns were, where the pain was and offered me the free physical examination. The only thing I had to pay (with insurance) was for X-rays and a foot scan - since he could see off the bat that I lean heavily on one side and pronate badly based on my shoes. 

This in itself was a much more positive experience, but wanted to gauge the community on if this gentleman seems like he‚Äôs doing the practice justice. My only hesitation is honestly the ‚Äúfoot levelers‚Äù they may try to sell me on with that foot scan. ",2025-07-22 11:03:48+00,7,17,https://reddit.com/r/Chiropractic/comments/1m6an08/thoughts_on_the_legitimacy_of_my_new_chiropractor/
1m6annh,fitness,Zealousideal_Ad3834,I've been stuck with my bench press,[removed],2025-07-22 10:38:32+00,1,1,https://reddit.com/r/Fitness/comments/1m6annh/ive_been_stuck_with_my_bench_press/
1m6aoku,fitness,Long_Ad_5145,I've been stuck with my bench press,[removed],2025-07-22 10:39:59+00,1,1,https://reddit.com/r/Fitness/comments/1m6aoku/ive_been_stuck_with_my_bench_press/
1m6bi6g,fitness,PotatoChemicals,Fitness tracking for beginner + running shoes?,[removed],2025-07-22 11:25:32+00,1,1,https://reddit.com/r/Fitness/comments/1m6bi6g/fitness_tracking_for_beginner_running_shoes/
1m6bm4g,fitness,LooseDescription7218,Protein,[removed],2025-07-22 11:31:20+00,1,1,https://reddit.com/r/Fitness/comments/1m6bm4g/protein/
1m6bn0n,fitness,RealisticL3af,Shoulder exercises below 90c/not above head?,[removed],2025-07-22 11:32:36+00,1,1,https://reddit.com/r/Fitness/comments/1m6bn0n/shoulder_exercises_below_90cnot_above_head/
1m6bri6,fitness,Lazy-Hovercraft2867,About creatine at a young age,[removed],2025-07-22 11:39:06+00,1,1,https://reddit.com/r/Fitness/comments/1m6bri6/about_creatine_at_a_young_age/
1m6cp9q,health,chrisdh79,Health experts warn Trump cuts to the CDC could hurt overdose prevention: ‚ÄòA step backwards‚Äô | The Trump administration has reportedly withheld $140m from a CDC effort geared at preventing overdose deaths,,2025-07-22 13:13:54+00,111,5,https://reddit.com/r/Health/comments/1m6cp9q/health_experts_warn_trump_cuts_to_the_cdc_could/
1m6cpii,fitness,Bulky_Pilot9293,Lower back pain while planking,[removed],2025-07-22 12:26:13+00,1,1,https://reddit.com/r/Fitness/comments/1m6cpii/lower_back_pain_while_planking/
1m6cz2g,health,newsweek,'Forever chemicals' detected in reusable feminine hygiene products,,2025-07-22 12:39:45+00,115,7,https://reddit.com/r/Health/comments/1m6cz2g/forever_chemicals_detected_in_reusable_feminine/
1m6dgz2,fitness,Affectionate-Gas3368,need help with routine!!,[removed],2025-07-22 13:01:09+00,1,1,https://reddit.com/r/Fitness/comments/1m6dgz2/need_help_with_routine/
1m6docu,fitness,Dependent_Claim743,Full rep or half rep pushups?,[removed],2025-07-22 13:10:10+00,1,1,https://reddit.com/r/Fitness/comments/1m6docu/full_rep_or_half_rep_pushups/
1m6e0ft,health,euronews-english,"Four-day work weeks are good for employees‚Äô mental and overall health, pilots in 6 countries find",,2025-07-22 13:27:43+00,67,1,https://reddit.com/r/Health/comments/1m6e0ft/fourday_work_weeks_are_good_for_employees_mental/
1m6emau,fitness,Jay-Cozier,Shoulder Pain from Basketball,[removed],2025-07-22 13:50:14+00,1,1,https://reddit.com/r/Fitness/comments/1m6emau/shoulder_pain_from_basketball/
1m6fjnb,chiropractic,Grandemestizo,I (30m) herniated 11 disks with annular tearing on 9 of them two months ago. What does my future look like athletically?,,2025-07-22 17:28:54+00,1,4,https://reddit.com/r/Chiropractic/comments/1m6fjnb/i_30m_herniated_11_disks_with_annular_tearing_on/
1m6fo41,fitness,amarillycat,New at running and need some help interpreting heart rate zones,[removed],2025-07-22 14:32:13+00,1,1,https://reddit.com/r/Fitness/comments/1m6fo41/new_at_running_and_need_some_help_interpreting/
1m6fpjz,fitness,Chealey97,I asked 100 people what their morning ritual was. What's yours?,[removed],2025-07-22 14:33:43+00,1,1,https://reddit.com/r/Fitness/comments/1m6fpjz/i_asked_100_people_what_their_morning_ritual_was/
1m6g92y,health,CTVNEWS,Alberta mother feared the worst for 4-month-old with measles,,2025-07-22 14:55:09+00,84,8,https://reddit.com/r/Health/comments/1m6g92y/alberta_mother_feared_the_worst_for_4monthold/
1m6h9io,fitness,biggggEARS98,Free weights vs machines ?,[removed],2025-07-22 15:32:54+00,1,1,https://reddit.com/r/Fitness/comments/1m6h9io/free_weights_vs_machines/
1m6hbzn,fitness,Individual_Cover_43,Hip thrust advice?,[removed],2025-07-22 15:35:35+00,1,1,https://reddit.com/r/Fitness/comments/1m6hbzn/hip_thrust_advice/
1m6hfcg,fitness,TwoAccomplished9325,Heavy back extensions - safe?,[removed],2025-07-22 15:39:10+00,1,1,https://reddit.com/r/Fitness/comments/1m6hfcg/heavy_back_extensions_safe/
1m6hjvm,health,yahoonews,"How healthy is your city? What the 2025 report says about fitness, food, and pollution",,2025-07-22 15:44:24+00,4,1,https://reddit.com/r/Health/comments/1m6hjvm/how_healthy_is_your_city_what_the_2025_report/
1m6hw9s,fitness,imanuelrz,Help with calorie deficit / Fat loss,[removed],2025-07-22 15:56:54+00,1,1,https://reddit.com/r/Fitness/comments/1m6hw9s/help_with_calorie_deficit_fat_loss/
1m6i9k3,fitness,,I have a power rack at home. I'm about to start going to a gym for the pool. What exercises/equipment should I utilize that I can't do at home?,[removed],2025-07-22 16:10:31+00,1,1,https://reddit.com/r/Fitness/comments/1m6i9k3/i_have_a_power_rack_at_home_im_about_to_start/
1m6iazk,health,New_Scientist_Mag,The pandemic may have aged our brains even before we caught covid-19,,2025-07-22 16:12:04+00,62,14,https://reddit.com/r/Health/comments/1m6iazk/the_pandemic_may_have_aged_our_brains_even_before/
1m6j6pg,chiropractic,Antique-Caramel-2627,"Preceptorship, where to begin","I‚Äôm a student right now and I am beginning to think about preceptorships for next year. My spouse has been traveling back and forth from NYC for work and I would love for us to just move closer to his work as soon as we can. 

How do I go about meeting a doc up in NY or NJ? Just not really sure where to start. It would be for summer of 2026.

",2025-07-22 17:07:25+00,3,3,https://reddit.com/r/Chiropractic/comments/1m6j6pg/preceptorship_where_to_begin/
1m6jaij,health,Emma086,"Anyone here actually go to Germany for cancer treatment? Need real talk, not Google results",,2025-07-22 17:11:22+00,1,1,https://reddit.com/r/Health/comments/1m6jaij/anyone_here_actually_go_to_germany_for_cancer/
1m6jb6v,fitness,,Doing too much on Leg day and can't decide what to do,[removed],2025-07-22 16:49:57+00,1,1,https://reddit.com/r/Fitness/comments/1m6jb6v/doing_too_much_on_leg_day_and_cant_decide_what_to/
1m6jbn0,fitness,,Beginner tips,[removed],2025-07-22 16:50:26+00,1,1,https://reddit.com/r/Fitness/comments/1m6jbn0/beginner_tips/
1m6jqka,fitness,,Adjustable dumbbell exercises?,[removed],2025-07-22 17:05:40+00,1,1,https://reddit.com/r/Fitness/comments/1m6jqka/adjustable_dumbbell_exercises/
1m6jxnc,fitness,Beginning-Break2991,Why don‚Äôt I feel my chest with weights,[removed],2025-07-22 17:12:46+00,1,1,https://reddit.com/r/Fitness/comments/1m6jxnc/why_dont_i_feel_my_chest_with_weights/
1m6kmig,fitness,Minute_River_2981,Calorie deficit and muscle growth.,[removed],2025-07-22 17:38:22+00,1,1,https://reddit.com/r/Fitness/comments/1m6kmig/calorie_deficit_and_muscle_growth/
1m6kqj2,fitness,eduhttm,Not losing weight?,[removed],2025-07-22 17:42:28+00,1,1,https://reddit.com/r/Fitness/comments/1m6kqj2/not_losing_weight/
1m6l37v,fitness,Wonderful-List393,Looking for Online Programs or 2 to 3 workouts‚Äî goal: building muscles without getting bulky,[removed],2025-07-22 17:55:45+00,1,1,https://reddit.com/r/Fitness/comments/1m6l37v/looking_for_online_programs_or_2_to_3_workouts/
1m6l59u,chiropractic,,Top 10 Questions To Ask a Chiropractor During Your First Appointment,[removed],2025-07-22 17:57:54+00,0,3,https://reddit.com/r/Chiropractic/comments/1m6l59u/top_10_questions_to_ask_a_chiropractor_during/
1m6l5go,fitness,,"Looking for help with a joist mounted, straight bar for pull ups in basement.",[removed],2025-07-22 17:58:06+00,1,1,https://reddit.com/r/Fitness/comments/1m6l5go/looking_for_help_with_a_joist_mounted_straight/
1m6m2qe,fitness,PreparationNo7209,This account is for sale,[removed],2025-07-22 18:31:58+00,0,1,https://reddit.com/r/Fitness/comments/1m6m2qe/this_account_is_for_sale/
1m6miji,fitness,PreparationNo7209,This account is for sale.,[removed],2025-07-22 18:47:53+00,0,1,https://reddit.com/r/Fitness/comments/1m6miji/this_account_is_for_sale/
1m6mko0,health,theatlantic,Medicaid Cuts Will Be a Disaster for ERs,,2025-07-22 18:50:25+00,203,2,https://reddit.com/r/Health/comments/1m6mko0/medicaid_cuts_will_be_a_disaster_for_ers/
1m6mm6p,fitness,No_Candidate_2878,Health and wellness creators needed,[removed],2025-07-22 18:51:45+00,1,1,https://reddit.com/r/Fitness/comments/1m6mm6p/health_and_wellness_creators_needed/
1m6na9q,fitness,Crazy_Screen_5043,Can someone give me feedback please on this?,[removed],2025-07-22 19:16:19+00,1,1,https://reddit.com/r/Fitness/comments/1m6na9q/can_someone_give_me_feedback_please_on_this/
1m6nsy1,fitness,Separate-Umpire2019,Need help with nausea and fatigue during deadlifts,[removed],2025-07-22 19:35:50+00,1,1,https://reddit.com/r/Fitness/comments/1m6nsy1/need_help_with_nausea_and_fatigue_during_deadlifts/
1m6ntqw,health,cnbc_official,FDA taps biotech industry veteran as RFK Jr.'s top drug regulator,,2025-07-22 19:36:41+00,10,2,https://reddit.com/r/Health/comments/1m6ntqw/fda_taps_biotech_industry_veteran_as_rfk_jrs_top/
1m6of87,fitness,imastar_22,How can i progress in arms and shoulders?,[removed],2025-07-22 19:59:06+00,1,1,https://reddit.com/r/Fitness/comments/1m6of87/how_can_i_progress_in_arms_and_shoulders/
1m6oleg,fitness,Impressive-Dig-4798,Training help,[removed],2025-07-22 20:05:29+00,1,1,https://reddit.com/r/Fitness/comments/1m6oleg/training_help/
1m6ooaw,fitness,phsei,Post-surgery workout: Strap?,[removed],2025-07-22 20:08:31+00,1,1,https://reddit.com/r/Fitness/comments/1m6ooaw/postsurgery_workout_strap/
1m6pnxm,fitness,sad-cloudz,‚ÄúSomething is better than nothing‚Äù mentality,[removed],2025-07-22 20:46:18+00,1,1,https://reddit.com/r/Fitness/comments/1m6pnxm/something_is_better_than_nothing_mentality/
1m6qsvc,fitness,bad5190,"Men with big legs, where we buying underwear?",[removed],2025-07-22 21:31:04+00,1,1,https://reddit.com/r/Fitness/comments/1m6qsvc/men_with_big_legs_where_we_buying_underwear/
1m6rdo3,fitness,Wrong_Sir_1340,"I follow a strict workout plan, but I mix exercises and use supersets ‚Äì is that effective?",[removed],2025-07-22 21:54:20+00,1,1,https://reddit.com/r/Fitness/comments/1m6rdo3/i_follow_a_strict_workout_plan_but_i_mix/
1m6s562,fitness,HerbalAthlete,What‚Äôs the most underrated part of your recovery routine?,[removed],2025-07-22 22:25:32+00,1,1,https://reddit.com/r/Fitness/comments/1m6s562/whats_the_most_underrated_part_of_your_recovery/
1m6st6w,fitness,aspacetobelieve,Mid 30s Female Weakness,[removed],2025-07-22 22:53:44+00,1,1,https://reddit.com/r/Fitness/comments/1m6st6w/mid_30s_female_weakness/
1m6uwuv,fitness,Blue_South_2313,Eat after gym at night?,[removed],2025-07-23 00:25:57+00,1,1,https://reddit.com/r/Fitness/comments/1m6uwuv/eat_after_gym_at_night/
1m6uz5x,fitness,,"I have $50 to get some home workout equipment, what are the essentials?",[removed],2025-07-23 00:29:01+00,1,1,https://reddit.com/r/Fitness/comments/1m6uz5x/i_have_50_to_get_some_home_workout_equipment_what/
1m6ve4a,fitness,bebebchsl,Abdominal sensation,[removed],2025-07-23 00:48:45+00,1,1,https://reddit.com/r/Fitness/comments/1m6ve4a/abdominal_sensation/
1m6vff1,fitness,Aiden_B_Patterson,Please help.,[removed],2025-07-23 00:50:23+00,1,1,https://reddit.com/r/Fitness/comments/1m6vff1/please_help/
1m6vsq2,fitness,KhabobArmagedon,How does this home routine look?,[removed],2025-07-23 01:07:17+00,1,1,https://reddit.com/r/Fitness/comments/1m6vsq2/how_does_this_home_routine_look/
1m6vut7,fitness,Loljoaoko,At home workout ideas for hypertrophy with lighter weights,[removed],2025-07-23 01:09:57+00,1,1,https://reddit.com/r/Fitness/comments/1m6vut7/at_home_workout_ideas_for_hypertrophy_with/
1m6vxlv,health,cnn,Anti-vaccine group that Robert F. Kennedy Jr. founded files lawsuit against him over vaccine safety task force,,2025-07-23 01:13:30+00,49,2,https://reddit.com/r/Health/comments/1m6vxlv/antivaccine_group_that_robert_f_kennedy_jr/
1m6wn5n,fitness,BilSaysBeKind,Nike Training Club,[removed],2025-07-23 01:47:03+00,1,1,https://reddit.com/r/Fitness/comments/1m6wn5n/nike_training_club/
1m6wunq,fitness,Flat-Phone-1822,Which method for tracking TDEE?,[removed],2025-07-23 01:56:58+00,1,1,https://reddit.com/r/Fitness/comments/1m6wunq/which_method_for_tracking_tdee/
1m6xnl0,fitness,RadiantClient7002,Man Cereal,[removed],2025-07-23 02:35:37+00,1,1,https://reddit.com/r/Fitness/comments/1m6xnl0/man_cereal/
1m6xz9e,fitness,Trick-Beginning-4594,What inspired you to start going to the gym?,[removed],2025-07-23 02:51:44+00,1,1,https://reddit.com/r/Fitness/comments/1m6xz9e/what_inspired_you_to_start_going_to_the_gym/
1m6y1nq,fitness,,Optimal home workout setup?,[removed],2025-07-23 02:55:00+00,1,2,https://reddit.com/r/Fitness/comments/1m6y1nq/optimal_home_workout_setup/
1m6yxif,fitness,goosie001,I have no idea how to gain muscle in my arms - 22M,[removed],2025-07-23 03:39:31+00,1,1,https://reddit.com/r/Fitness/comments/1m6yxif/i_have_no_idea_how_to_gain_muscle_in_my_arms_22m/
1m6z1w2,chiropractic,BridgeMysterious1894,Cancel my appointment?,[removed],2025-07-23 03:45:41+00,1,3,https://reddit.com/r/Chiropractic/comments/1m6z1w2/cancel_my_appointment/
1m6zgyd,chiropractic,Snoo_79038,Is Patrick Flynn praised in this field?,[removed],2025-07-23 05:48:34+00,2,1,https://reddit.com/r/Chiropractic/comments/1m6zgyd/is_patrick_flynn_praised_in_this_field/
1m6zlqw,fitness,richaver345,How to increase endurance during full body workouts?,[removed],2025-07-23 04:14:43+00,1,1,https://reddit.com/r/Fitness/comments/1m6zlqw/how_to_increase_endurance_during_full_body/
1m6zxxp,fitness,,"[M/23] 7 Months Progress ‚Äì Started at 198 lbs, now 169 lbs ‚Äì How are my stats?",[removed],2025-07-23 04:33:01+00,1,1,https://reddit.com/r/Fitness/comments/1m6zxxp/m23_7_months_progress_started_at_198_lbs_now_169/
1m6zzmq,fitness,,"[M/23] 7 Months Progress ‚Äì Started at 198 lbs, now 169 lbs ‚Äì How are my stats?",[removed],2025-07-23 04:35:45+00,1,1,https://reddit.com/r/Fitness/comments/1m6zzmq/m23_7_months_progress_started_at_198_lbs_now_169/
1m70zws,fitness,NicholasHoward,Just scored a cable crossover + Concept2 rower for my home gym. Need advice on programming and where to start,[removed],2025-07-23 05:33:11+00,1,1,https://reddit.com/r/Fitness/comments/1m70zws/just_scored_a_cable_crossover_concept2_rower_for/
1m713gm,fitness,sad_girl1991,My husband swears that working out makes people the best looking version of themselves,[removed],2025-07-23 05:39:13+00,1,1,https://reddit.com/r/Fitness/comments/1m713gm/my_husband_swears_that_working_out_makes_people/
1m71cxr,fitness,Natedoger,Am I normal? should i be worried?,[removed],2025-07-23 05:55:03+00,1,1,https://reddit.com/r/Fitness/comments/1m71cxr/am_i_normal_should_i_be_worried/
1m71ft6,fitness,nestoryirankunda,Incline vs. Decline leg press?,[removed],2025-07-23 05:59:59+00,1,1,https://reddit.com/r/Fitness/comments/1m71ft6/incline_vs_decline_leg_press/
1m72lkm,fitness,lololololol212233,3 day full body split with 1 set to failure vs 5 day split with 3 sets to failure,[removed],2025-07-23 07:12:27+00,1,1,https://reddit.com/r/Fitness/comments/1m72lkm/3_day_full_body_split_with_1_set_to_failure_vs_5/
1m72p5c,fitness,SheepofShepard,Someone dm me,[removed],2025-07-23 07:18:54+00,1,1,https://reddit.com/r/Fitness/comments/1m72p5c/someone_dm_me/
1m72piq,fitness,SheepofShepard,Could someone DM me and hear me out?,[removed],2025-07-23 07:19:37+00,1,1,https://reddit.com/r/Fitness/comments/1m72piq/could_someone_dm_me_and_hear_me_out/
1m738o2,fitness,TheStackUnderground,Peptide stack that actually fixed my shoulder ‚Äî anyone else used BPC + TB together?,[removed],2025-07-23 07:54:41+00,1,1,https://reddit.com/r/Fitness/comments/1m738o2/peptide_stack_that_actually_fixed_my_shoulder/
1m748ov,fitness,AutoModerator,"Daily Simple Questions Thread - July 23, 2025","Welcome to the¬†[/r/Fitness](https://old.reddit.com/r/Fitness)¬†Daily Simple Questions Thread - Our daily thread to ask about all things fitness. Post your questions here related to your diet and nutrition or your training routine and exercises. Anyone can post a question and the community as a whole is invited and encouraged to provide an answer.

# As always, be sure to¬†[read the wiki](https://thefitness.wiki/)¬†first. Like, all of it. Rule #0 still applies in this thread.

Also, there's a¬†[handy search function](https://www.reddit.com/r/Fitness/search?&restrict_sr=on)¬†to your right, and if you didn't know, you can also use Google to search¬†[r/Fitness](https://old.reddit.com/r/Fitness)¬†by using the limiter ""site:reddit.com[/r/fitness](https://old.reddit.com/r/fitness)"" after your search topic.

Also make sure to check out¬†[Examine.com](https://examine.com/)¬†for evidence based answers to nutrition and supplement questions.

If you are posting a routine critique request, make sure you follow¬†[the guidelines](https://www.reddit.com/r/Fitness/wiki/rules#wiki_rule_.239)¬†for including enough detail.

# ""Bulk or cut"" type questions are not permitted on¬†[r/Fitness](https://old.reddit.com/r/Fitness)¬†- Refer to¬†[the FAQ](https://thefitness.wiki/faq/should-i-bulk-or-cut/)¬†or post them in¬†[r/bulkorcut](https://old.reddit.com/r/bulkorcut).

# Questions that¬†[involve pain, injury, or any medical concern of any kind](https://www.reddit.com/r/Fitness/wiki/rules/rule5)¬†are not permitted on¬†[r/Fitness](https://old.reddit.com/r/Fitness). Seek advice from an appropriate medical professional instead.

(Please note: This is not a place for general small talk, chit-chat, jokes, memes, ""Dear Diary"" type comments, shitposting, or non-fitness questions. It is for fitness questions only, and only those that are serious.)",2025-07-23 09:01:37+00,1,1,https://reddit.com/r/Fitness/comments/1m748ov/daily_simple_questions_thread_july_23_2025/
1m7497c,fitness,,How can I use supplements to get more out of my workout routine?,[removed],2025-07-23 09:02:31+00,1,1,https://reddit.com/r/Fitness/comments/1m7497c/how_can_i_use_supplements_to_get_more_out_of_my/
1m7498z,fitness,gilko86,How can I use supplements to get more out of my workout routine?,[removed],2025-07-23 09:02:36+00,1,1,https://reddit.com/r/Fitness/comments/1m7498z/how_can_i_use_supplements_to_get_more_out_of_my/
1paua4,fitness,,How do you narrow down your goals?,[removed],2025-07-23 03:37:15+00,0,7,https://reddit.com/r/Fitness/comments/1paua4/how_do_you_narrow_down_your_goals/
60ab0i,fitness,,I work on my feet 8 hours a day as a drive-through cashier. I would like to use this as an opportunity to improve my shape and lose weight.,[removed],2025-07-22 13:07:55+00,1116,195,https://reddit.com/r/Fitness/comments/60ab0i/i_work_on_my_feet_8_hours_a_day_as_a_drivethrough/